id,sequence,label,prediction
WQG60124.1,MLLQAVLLFGEHLAPATLIAFAFIWAGLAVYSVDIGLNARKR,0,1
WQG60113.1,MLSALGGKTQQVSKKMESCVDLSRAIAGIDVGTSRQVRALR,0,1
WQG60042.1,MARAHQGELLLHSRLGRGTCALMTLPLFTSAAGAE,0,1
WQG60006.1,MQEWPNKAKSIIAQPLFRSRQEPAGKGKGSYRREAFQSKSWEASYFLAA,0,1
WQG59371.1,MFLTQQGEGFSPNRLTQLVREHIEKANIGKRGSCHLASLICRNSIF,0,1
WQG58325.1,MISNFIAYHMQTSLNWGLASAIASLLLVVVLLMYWVYDRFVGITNMKLG,0,1
WQG58238.1,MTAEHDTDTPEPRLNSTEIRILGCLIEKQATNPETYP,0,1
WQG58223.1,MKPMDMGKIIGEGYSKELEYSQQRKARVILDNHGKPKTAYTEQ,0,1
WQG58213.1,MIVPTQVLLHLPHVFVNEGSMNKDQLQITDTRPVTARQWSKVP,0,1
WQG58023.1,MRQQQWIDKPAQSVTVSGGYARCPFYGRNPCAPGLYRGLARLLLKA,0,1
WQG57820.1,MTEEKKKQPEQEQQTPAHSTEQERERLKDFNKDGIPPGAC,0,1
WQG57101.1,MNTGFAQGLCAPQTLLALALKTVLCIEVQAFLTPSADFTVL,0,1
WPX71632.1,MISRHISQLERECGVKLFNHSCAKTMYRLRKSRYWCSPNSC,0,1
WPX69902.1,MTSFDYCLSPPAAMGRLRPPTTARSGLSQQIDNLTDNLLQ,0,1
WPX69360.1,MFDKDPIHALSDSIAGNAYALNALNNLYNVACRLRLTGAE,0,1
WPX68856.1,MIARRPYNVVVVVVVVNKLAKIVWALLVKAPNIGPNSLRHAPKGIEKNL,0,1
WPX68836.1,MIFRKLIGQGRYPVGGQPAAYVYRIRSCDLPVTSAKALFEYFTV,0,1
WPX68762.1,MVVIMTAVMITNVVMTVAMIGDMTMTAGVIAMVETRIIAGKLLQ,0,1
WPX68581.1,MLLFSLADADIYKDVFNRLSKAEVKNGNSICGDGLKGTVILKLA,0,1
WPX68144.1,MRPDPRWPHRAQGFGLVAAMFLLIVVALVVIAMARLSVAQHGTLAAGR,0,1
WPX67969.1,MSSYEFKARLAVSAEDAKNCEESDMAILAMSYQGHFRIHAPQTLGS,0,1
WPX67085.1,MTGDFCPACAECVLNAVESNSVMNEMCAFSKFVNVAITDPGF,0,1
WPX66869.1,MKRKPDVLWVLAFLFGLGVVTTGYAQSLWANNADAPVEIVQQQKKPLQRH,0,1
WPX64683.1,MDAATIAELIMVFFSGLCIEQNMAGNEQSTDSSITHLMQVVRGL,0,1
WPX64446.1,MTQNTTRSDAAQTPKEVGDVGERNKKLNQEGEKPRPTTPPDPKDRS,0,1
WPX64069.1,MKGLHLLELHSKKIIYRSPMYGVSAVSDSFQVLVAIPSQTSDLLAVVAL,0,1
WPX63893.1,MCRPETYKVIAKSSDVKEDPDDYVFGWNPAGYFSRRMLIVCH,0,1
WPX63501.1,MLLIMALITSVQTTLLLMVLTTFLLTGLLLTALITWALKA,0,1
WPX63487.1,MAVLSVAVVLAIYAAGAYRIEEARQAPRFSICTASHCAPQDATFAGLSLK,0,1
WPX61696.1,MNAKQLICLAGVFAAAPFAYAQSDLPDSVKVPAGHKVAMQTTAIGEITY,0,1
WPX61207.1,MGELNLFNILWLMTERLPLGIAAHVRDLDTRISGLTLVNC,0,1
WPX61022.1,MSRSLKLIACAVVLLTLNGCVFYGHPHPCCWRYGYGYGYGYRR,0,1
WPX59243.1,MDKALPGRRRFFMGGIKAVREMGVSGFDRFMKQTKSHSGVFPKRAAG,0,1
WPX59223.1,MPQKPTFVIALILASLLLSGCYPFPEEPLLAACDTLACAALQGWRTA,0,1
WPX58312.1,MSIFFLLRIATSPLRCNAERALKIERQCALFSEHSGIASIRPKELSHGMV,0,1
WPX56824.1,MARCVSGVCGTFIDAAADTLAGPETLSLPPAIVGLARLCASL,0,1
WPX56512.1,MKPSSGTFLVFPSWLLHAVSRYEGQRPRVSIAFNFSI,0,1
WPX53405.1,MPTFCASLVVIGLAGALFGGISANTLASATLAMKDFYARSSTKKRTTVSR,0,1
WPX52359.1,MTQNTTRSDAAQTPKEVGDVGERNKKLNQEGEKPRPTTPPDPKDLS,0,1
WPX51676.1,MHYHAERGNDQWRAIKAIPVAEREQDPTTDTTSLPPLYPK,0,1
WPX51605.1,MKLSALLIAALLSISSAAAFAHSGGTDSKGCHRNHKTNDYHCH,0,1
WPX50692.1,MGFDPATQRASHDAINGHDPYAYLKGVLTRLPSQRASEIEVAGS,0,1
WPX50486.1,MANLKVPVCATDHRQGSAQAKVTLVDFGDYQCPYCGEAY,0,1
WPX50368.1,MTDVLIFLLSVTTSYRLPLVIVNREIGVDDSEIPGLLLQLTTNL,0,1
WPX50361.1,MKLFALLIAAVLSMTSVAAYAHSGGTDAKGCHRNHKTNDYHCH,0,1
WPX49834.1,MHYHAERGNDQWRAIKAIPVAEREQDLATDTTSLLPLYPK,0,1
WPX49556.1,MQPISIATDYAATFHLRMRSSAKPGRSLGAVPTLTVEPDL,0,1
WPX49323.1,MLRRLILLVPLMIMLSLGGCFFFPRGGGWHDRHDDGGRVYERR,0,1
WPX48996.1,MKKLYMCVGLCSAFLLHGCFDNADNATKDNNSGTQSSVQMQEGKADESK,0,1
WPX48449.1,MGNEQKQHHEPEREEHRQKPEEEKPQTWKHPDDGTELSERDQERPLKP,0,1
WPX48063.1,MILDVVPLVYSVNEAEILDWEAGKALRRYDIAISRLGVKQE,0,1
WPX47909.1,MKLCLALLGSVLSLAASARLLAASAVDKRPGPGTAERLYL,0,1
WPX47894.1,MNTTLPDCGMMGAMGWIMPVIGIALLLLLVLGIACLVKYLLSSK,0,1
WPX47615.1,MAIKPGPKPIAESTGKTDQRRRVTPENKPKHPDLDVHKHKKGD,0,1
WPX45710.1,MPRTLSIASSRTHAAALNMPVAAPAVVIDRLAFGYDRQPLE,0,1
WPX45644.1,MPCSEKRARKLLAAGRARVHRLFPFAIRLLDRTVTDSAFRQGRKPAST,0,1
WPX45196.1,MSKVVKTNKESKKQALLSPKEKKAAKDAKKSNSTAVGGAWKPS,0,1
WPX44280.1,MEMISNGVNKKPASKLLRACQTQGWWVGNGATSAALMTKHPAIIAGV,0,1
WPX44000.1,MALNLLQNAERDAALGSLGETANSVALRVERELYSAEAALKVLAVSPS,0,1
WPX43853.1,MAIDALRKHFSPDSLLSILPLYRADRYGIILRRSIDVDCPA,0,1
WPX43418.1,MRTLRQVKIEGFKSIASAELELGDLNVIIGANGSGKSNFIGVFRLLER,0,1
WPX43416.1,MSGKAIVLDANILIRAVLGKRVRELIFDNAATVKFFAPDDRRANLDI,0,1
WPX43375.1,MNKALRIPDYLGHILQAIERIERVINTSILDADKIVEIHDAIFGSLIT,0,1
WPX43322.1,MRLSKALYCSFDGGERAVCCHGCMAILHVIQENHMISDYLRTKSAAQQQ,0,1
WPX42793.1,MALIISELLLFDAQKRIGGLLFRSIKGKIVAFRSALPIYVPSHPY,0,1
WPX42630.1,MNRQFFKQFFIALVLFVLGYLTFNGKLFAAEAALVAPLAASATVSGGF,0,1
WPX42452.1,MKKFYTILICLTGLLAVSACNTVQGIGKDVKKAGEAVESVGKK,0,1
WPX42430.1,MLSLNGCTVLAIADVAVATTVKVGGAVVGTAVDVTKAGVGAVTGSAAK,0,1
WPX42276.1,MPSQSGMIIERHVQEGQAIRAGEVMFVLSSERIRVDNSGAQQAISDLLRR,0,1
WPX38017.1,MLRRVTRLVPLLLILAMSGCVFFPGHGWHHDHRYYDGGPGYYHR,0,1
WPX36445.1,MSKEQALMKLSAILIAALLSITSVAAFAHSGGTDSKGCHRNHKTNDYHCH,0,1
WPX35911.1,MSQLEMFEKPDGEGEVIYRMTITTKSGKVIRRANGQPFRIVIRPKATN,0,1
WPX35484.1,MAIGLSQIQTVFLDKKAGTGLETNRLGLTANARNVSSLTLDAVQALYA,0,1
WPX34777.1,MKNKRARDSETGLFIPLDEAKRRPKETTVETIKKTPRPAPKR,0,1
WPX34235.1,MTAAVSHGNPTYNLSMHDRMNLFMVSARVLIADTDHGACAE,0,1
WPX34135.1,MLVLASFMLSGCNTINGLGKDVERVGEKVQGASR,0,1
WPX33674.1,MKNFQKAGIKTIARRVAGTLPETVKTTNTETGMEAAACATPYTL,0,1
WPX33637.1,MPVVFRYKGYRFFFYSNEGSPREPLHVHVRSSDDEAKF,0,1
WPX33221.1,MRSTTIDNASGISRFDNSRTSESAHIQRGETEKAGSGWARLFCT,0,1
WPX31785.1,MNKNFWKQFAIALALFLAGYFTFNSSFFASDKDKASATAPPLVQP,0,1
WPX31769.1,MNYLSNDGFPILKDKLSRGKCHSKAIDEYAGFLASGSWPGLLIGPR,0,1
WPX31757.1,MPSKNPKKGRFFRAMTDAVVHRGLPWCSASVAIAGVGAVAGAAPRR,0,1
WPX30702.1,MSQSGQMLVADDGNVDRHDTRLQPSTTIVICGLTGTLLPSGREFTQ,0,1
WPX30690.1,MTGKRLKKPAALLWREGKNARWRSVIGGPFDRPFSGRPVSRCPVSGRWQA,0,1
WPX26744.1,MGTPKPVDFRKSIDGLAVLVELDIKVAVFDPVLFVFLNKPIRA,0,1
WPX25714.1,MKRAADSVVLNIAEGSTGQSKAKRYLKWFLDTRYDHPSKW,0,1
WPX25699.1,MASAVGYQACTLGYRVFYASIPKLFSKLKMAKADGSYFKKAAKIERQQR,0,1
WPX25622.1,MQSLAYSSVLAADGVINDKNSKKISLTTKKLSVCYQLEITSTG,0,1
WPX25561.1,MTTSKGTNAGKDFSFTGNIEFLGSHKAKLSFNGQVFDITIQ,0,1
WPX25514.1,MPIDHVSEKQIINGYATINIKITEAKGQLSFNENVTLDKKLLIQR,0,1
WPX25153.1,MWQEIHLACRTDWGKSTTIVNKTGTLYQKIKYLGKVIFAENGKNIERISD,0,1
WPX25134.1,MPIGVAYLFGYLKSIKGIHFKSDNNSAIITLKTFTETNKFTVRY,0,1
WPX25082.1,MKNAINTILTDINHVFVKGESDKVEQARVFFLLAVPIMSIIFGIGEFPIY,0,1
WPX24697.1,MNKTYQVSKKGIEGLLAGTVLAIVVFALIWPPVGVIFAALVVGAIIV,0,1
WPX24506.1,MLIADFDGDVRKIQHDTVVTSIPFPVYPDGFTYGGGSDIAVTTDG,0,1
WPX24381.1,MYFFRKKDPNRPTSFNLKVMHVINAIAITMFLAGITWKLIQWFILKK,0,1
WPX24297.1,MKFITDFDSLEELEDELLKYLVYYNWKRPHQGINGKKPIKMATLNNK,0,1
WPX24047.1,MPNLLFICSKNQWRSPTAELLFKGHQLHNARSAGTRDKARIKLTKN,0,1
WPX23940.1,MKNSKTPATHKLVSRFDKELMSILMNDLKTLKARQIKHEAL,0,1
WPX23905.1,MQKNETRIGRITFTYNFGNSKIKASQHQTGAEDEKGRVKSGG,0,1
WPX23831.1,MARGPQLTSSKNFSVITAMDKSGNIYWYRLAHATGKWKSKAWDG,0,1
WPX23817.1,MNSNFHMLFYIRKKKNYKGDPMAIYMRITVDGKRAERSTGRECESSK,0,1
WPX23668.1,MIDDIKAEPRWLGAKFLKEIENKLCSVTAAESKDEVDCYQSELKGMG,0,1
WPX23587.1,MKKIYISAAVLLAVAITEGCIKQRVAESSAAKHISVRKAL,0,1
WPX23513.1,MTNNTNVYGGISSAHTFRYVIIPGGVHTTATVNFRNYAEVKQAFHLAN,0,1
WPX23448.1,MRQHNYYTYILTNYNKTVLYTCVTNDIEKRLYEHYFGLNQESSFT,0,1
WPX23430.1,MTKVRTRWQFLKANGIPAMYKSIDDSQAYLTLPAQENLTK,0,1
WPX23424.1,MTEFLKVIALSDFFTNNWFSCIVRAFPAGGLYAHTPTGIRREAGIRYNP,0,1
WPX23293.1,MKKALLMISLIACLASCKKDNPVIPTLNGKWELHSVTGGFGPGQAINTLG,0,1
WPX23275.1,MTNQSVSLSLSKTYVGDEWFYRLTMNIFDRLNIINIVVQPPHP,0,1
WPX23145.1,MFLGSGRVPELQAWSAKASISWVASVILTILMIAQLVVEE,0,1
WPX23043.1,MKVVHIKTNSTVKKIEAKVVSLFKQKAFCLKTFNQLQFTGFIA,0,1
WPX22987.1,MIHSWERKVIVWDTQSNTLYAMIGAILMAKTQDKAQLPNCGKLNF,0,1
WPX22972.1,MLVKTVREPVAWFVIFFLELLLPANIHAAQNKVNLEKPDVCGNGNNQSLF,0,1
WPX22971.1,METTKVYFDKIKAPKKQMILVPNAAHGFNQAVLNAQLKAIKHLNSVKK,0,1
WPX22871.1,MSNKAKKISAGAIIAIAFLTYQLGKDIVKIGIKDGKATQMAITKK,0,1
WPX22722.1,MRSLLYLIAVILVIAWIFGAFISPFGGNIIHVLLVIAIIAVILGVIRRA,0,1
WPX22656.1,MLVPAYQGRGLMTEAINATTRYAFDKIMLHYTEC,0,1
WPX22648.1,MKKSIIAAAIIILSAGVLPSCTKNAEVQPTATFEKSTVANKKDVGTAD,0,1
WPX22647.1,MKKILIAAAIILSTAVLPSYTKQVAVKPTANISIDPSLALVKKDIGTAD,0,1
WPX22646.1,MKKLIIAAALILATGVLPSYTKQVSVKPAASIVQNNITFRKDVGTAD,0,1
WPX22634.1,MGSDLSGKFHFPQVMDNDTKPIQLAPIKLTIQVNKLTYVE,0,1
WPX22575.1,MEDKTIELFQNQLFTIPKYTIHRTRPNGNRSVNLTFESLDLVTVQVDGPY,0,1
WPX22569.1,MNKYKLRGTFLLQYDALMDARYQKLLKSLAPGSFEMGGWWEIPQPIGF,0,1
WPX22500.1,MDQQGKWAISPAYDVCHAYRPDSPWVTVGHLPLPYVMAYDTSNH,0,1
WPX22498.1,MSGGIAAKAGGSSMVKGIIRICFWGTIAMGITALVGYLFGAKTG,0,1
WPX22449.1,MEKAVRNYNFLDVGVHNGFMFKPAAMAIANANKTDFELVQRAT,0,1
WPX22442.1,MTIKKPNEIIRQIEGILKLWTDYANQCDVETVLQKTITETFLFLKV,0,1
WPX22207.1,MSKDRKTVKEVKKQPTVNVNKKQSAYQSGKGSASSDLGKK,0,1
WPX22152.1,MDLQLKNKIALVTGSTAGIGYGIAKSLATEGAVVYINGRD,0,1
WPX22090.1,MKNTIFKNIFDAYQLVAGAKMKAKNFDEIYDLGQYDEKALNWICCC,0,1
WPX22072.1,MKKLLLSIMFFCFATTGYSQTNLISYDDLSYLLHNNINKADTFL,0,1
WPX21580.1,MCRAIAQAHDGTITGVTRPEGGACFTLRLPRETPPVIEPFAQQTDEEQP,0,1
WPX21536.1,MVRKGFHSASVNAISEEAGFSKGAFFQTLQVSQTCFYN,0,1
WPX19801.1,MNLSDFYSIYAVTLMVVPTVCPLPFTVGEGSAEDAVVLLAVLLCAAR,0,1
WPX17898.1,MLVITMDCDSVHAIAKLATKPPIGLLVEVAEHRNEYSRDNPKGRPNTV,0,1
WPX17581.1,MAMRLAVVLLFLYSTPILSAAQPAFDEPDAARERLMSFIED,0,1
WPX16557.1,MRIQDKVVVITGGASGLGLATAHYLIEEKAARVAIFDHQRRGRAKSRG,0,1
WPX16177.1,MKIADYVVAKRVGVSDGYGQGSAVPKKLTMLEAPVLLGFSAA,0,1
WPX15911.1,MSGIAVVTGGTRGIGRRIAEQFLGAGYKVFVTYARDEQAAASFMADCNRV,0,1
WPX15594.1,MELAPQQVFTRHGEVRIIDVRESDELVDGMISGAQHIPLVMPQLP,0,1
WPX13769.1,MTNPREGGTTVNLMAPIVVNAATGRCAQIILEGQG,0,1
WPX13071.1,MTVAHAPAQPKAHAGTYKLVPENKGKTLEQIQVELTTAGAKN,0,1
WPX13001.1,MIENAQAAPAADASAEISVIGGDRRPNALTRGAGISTGTVAFA,0,1
